Date,Confirmed,Deaths,Daily_New_Cases
2020-01-22,557,17,557.0
2020-01-23,657,18,100.0
2020-01-24,944,26,287.0
2020-01-25,1437,42,493.0
2020-01-26,2120,56,683.0
2020-01-27,2929,82,809.0
2020-01-28,5580,131,2651.0
2020-01-29,6169,133,589.0
2020-01-30,8237,172,2068.0
2020-01-31,9927,214,1690.0
2020-02-01,12038,260,2111.0
2020-02-02,16787,364,4749.0
2020-02-03,19887,428,3100.0
2020-02-04,23899,494,4012.0
2020-02-05,27644,566,3745.0
2020-02-06,30806,636,3162.0
2020-02-07,34400,721,3594.0
2020-02-08,37131,808,2731.0
2020-02-09,40162,908,3031.0
2020-02-10,42771,1015,2609.0
2020-02-11,44814,1115,2043.0
2020-02-12,45232,1120,418.0
2020-02-13,60384,1373,15152.0
2020-02-14,66912,1525,6528.0
2020-02-15,69055,1668,2143.0
2020-02-16,71238,1772,2183.0
2020-02-17,73273,1870,2035.0
2020-02-18,75155,2010,1882.0
2020-02-19,75655,2125,500.0
2020-02-20,76216,2250,561.0
2020-02-21,76846,2254,630.0
2020-02-22,78608,2462,1762.0
2020-02-23,78990,2473,382.0
2020-02-24,79558,2633,568.0
2020-02-25,80412,2713,854.0
2020-02-26,81384,2774,972.0
2020-02-27,82728,2817,1344.0
2020-02-28,84152,2876,1424.0
2020-02-29,86023,2946,1871.0
2020-03-01,88402,3000,2379.0
2020-03-02,90382,3090,1980.0
2020-03-03,92994,3164,2612.0
2020-03-04,95338,3260,2344.0
2020-03-05,98078,3355,2740.0
2020-03-06,102062,3469,3984.0
2020-03-07,106199,3573,4137.0
2020-03-08,109997,3815,3798.0
2020-03-09,114292,4009,4295.0
2020-03-10,119051,4284,4759.0
2020-03-11,126527,4636,7476.0
2020-03-12,133283,4957,6756.0
2020-03-13,146477,5460,13194.0
2020-03-14,157365,5886,10888.0
2020-03-15,168598,6557,11233.0
2020-03-16,183165,7268,14567.0
2020-03-17,198339,8119,15174.0
2020-03-18,215900,9075,17561.0
2020-03-19,242987,10217,27087.0
2020-03-20,272517,11791,29530.0
2020-03-21,304944,13599,32427.0
2020-03-22,339156,15427,34212.0
2020-03-23,381711,17523,42555.0
2020-03-24,423594,19949,41883.0
2020-03-25,475075,22920,51481.0
2020-03-26,535889,26173,60814.0
2020-03-27,599820,29812,63931.0
2020-03-28,669402,33861,69582.0
2020-03-29,725918,37680,56516.0
2020-03-30,790929,42050,65011.0
2020-03-31,869371,47218,78442.0
2020-04-01,955728,53862,86357.0
2020-04-02,1038176,60115,82448.0
2020-04-03,1122386,66617,84210.0
2020-04-04,1182507,72976,60121.0
2020-04-05,1254222,78897,71715.0
2020-04-06,1328948,85324,74726.0
2020-04-07,1397886,93841,68938.0
2020-04-08,1480062,101061,82176.0
2020-04-09,1567243,109216,87181.0
2020-04-10,1653665,116957,86422.0
2020-04-11,1729180,123939,75515.0
2020-04-12,1847761,130453,118581.0
2020-04-13,1919593,136966,71832.0
2020-04-14,2004226,144323,84633.0
2020-04-15,2082482,153088,78256.0
2020-04-16,2176950,160800,94468.0
2020-04-17,2264830,169688,87880.0
2020-04-18,2343082,176118,78252.0
2020-04-19,2419404,182219,76322.0
2020-04-20,2495886,188730,76482.0
2020-04-21,2571973,195926,76087.0
2020-04-22,2654011,203205,82038.0
2020-04-23,2736728,210475,82717.0
2020-04-24,2820291,217313,83563.0
2020-04-25,2903496,223363,83205.0
2020-04-26,2974291,228179,70795.0
2020-04-27,3045275,233624,70984.0
2020-04-28,3121107,240253,75832.0
2020-04-29,3198435,247233,77328.0
2020-04-30,3282087,253486,83652.0
2020-05-01,3371033,259073,88946.0
2020-05-02,3449295,265119,78262.0
2020-05-03,3523292,269394,73997.0
2020-05-04,3600929,274239,77637.0
2020-05-05,3680614,280386,79685.0
2020-05-06,3771036,287146,90422.0
2020-05-07,3860174,293012,89138.0
2020-05-08,3950657,298967,90483.0
2020-05-09,4035000,303885,84343.0
2020-05-10,4110223,308223,75223.0
2020-05-11,4186364,312301,76141.0
2020-05-12,4271644,318031,85280.0
2020-05-13,4355992,323468,84348.0
2020-05-14,4451634,329217,95642.0
2020-05-15,4547536,334970,95902.0
2020-05-16,4641426,339511,93890.0
2020-05-17,4719789,343391,78363.0
2020-05-18,4808921,347786,89132.0
2020-05-19,4904739,352754,95818.0
2020-05-20,5010162,358160,105423.0
2020-05-21,5116135,363195,105973.0
2020-05-22,5223477,368901,107342.0
2020-05-23,5327627,373355,104150.0
2020-05-24,5420843,376755,93216.0
2020-05-25,5509066,378449,88223.0
2020-05-26,5601428,383229,92362.0
2020-05-27,5703984,388449,102556.0
2020-05-28,5823977,393440,119993.0
2020-05-29,5945413,398596,121436.0
2020-05-30,6080456,402955,135043.0
2020-05-31,6183316,406242,102860.0
2020-06-01,6283580,409983,100264.0
2020-06-02,6406221,415254,122641.0
2020-06-03,6517437,420875,111216.0
2020-06-04,6655667,426403,138230.0
2020-06-05,6789073,431460,133406.0
2020-06-06,6918403,435600,129330.0
2020-06-07,7029415,438857,111012.0
2020-06-08,7132463,443312,103048.0
2020-06-09,7258445,448357,125982.0
2020-06-10,7395607,453783,137162.0
2020-06-11,7531793,458920,136186.0
2020-06-12,7659267,463663,127474.0
2020-06-13,7793175,468056,133908.0
2020-06-14,7925122,471838,131947.0
2020-06-15,8050034,475905,124912.0
2020-06-16,8193933,483023,143899.0
2020-06-17,8337135,488500,143202.0
2020-06-18,8480229,493854,143094.0
2020-06-19,8661225,500212,180996.0
2020-06-20,8847108,504694,185883.0
2020-06-21,8940170,509338,93062.0
2020-06-22,9082502,513205,142332.0
2020-06-23,9250625,518774,168123.0
2020-06-24,9422061,524272,171436.0
2020-06-25,9601576,529382,179515.0
2020-06-26,9794066,534465,192490.0
2020-06-27,9970478,539201,176412.0
2020-06-28,10138935,542822,168457.0
2020-06-29,10291617,546894,152682.0
2020-06-30,10475388,552146,183771.0
2020-07-01,10690516,557487,215128.0
2020-07-02,10895486,563001,204970.0
2020-07-03,11098124,568241,202638.0
2020-07-04,11287838,573035,189714.0
2020-07-05,11474058,576880,186220.0
2020-07-06,11642331,581148,168273.0
2020-07-07,11851900,587508,209569.0
2020-07-08,12067186,593137,215286.0
2020-07-09,12291782,598986,224596.0
2020-07-10,12524663,604728,232881.0
2020-07-11,12737483,609869,212820.0
2020-07-12,12930415,614171,192932.0
2020-07-13,13124893,618607,194478.0
2020-07-14,13345920,624592,221027.0
2020-07-15,13575706,630511,229786.0
2020-07-16,13820618,636673,244912.0
2020-07-17,14058038,643711,237420.0
2020-07-18,14293379,650241,235341.0
2020-07-19,14505270,655135,211891.0
2020-07-20,14713414,659101,208144.0
2020-07-21,14956435,665439,243021.0
2020-07-22,15231791,672857,275356.0
2020-07-23,15511422,679494,279631.0
2020-07-24,15794928,685956,283506.0
2020-07-25,16044485,692021,249557.0
2020-07-26,16256294,696430,211809.0
2020-07-27,16490680,701726,234386.0
2020-07-28,16754567,708664,263887.0
2020-07-29,17024801,715292,270234.0
2020-07-30,17306582,722069,281781.0
2020-07-31,17594044,728679,287462.0
2020-08-01,17840315,734665,246271.0
2020-08-02,18070926,739352,230611.0
2020-08-03,18276983,744209,206057.0
2020-08-04,18542287,751380,265304.0
2020-08-05,18817443,758757,275156.0
2020-08-06,19104145,765604,286702.0
2020-08-07,19386579,772357,282434.0
2020-08-08,19651806,778381,265227.0
2020-08-09,19884801,783575,232995.0
2020-08-10,20118013,788952,233212.0
2020-08-11,20383576,795567,265563.0
2020-08-12,20658646,802540,275070.0
2020-08-13,20948740,809327,290094.0
2020-08-14,21255813,815894,307073.0
2020-08-15,21504839,821948,249026.0
2020-08-16,21714880,826748,210041.0
2020-08-17,21927762,831371,212882.0
2020-08-18,22187166,838427,259404.0
2020-08-19,22464640,844850,277474.0
2020-08-20,22736119,851277,271479.0
2020-08-21,22998072,857049,261953.0
2020-08-22,23261601,862838,263529.0
2020-08-23,23464360,867145,202759.0
2020-08-24,23692460,872002,228100.0
2020-08-25,23937668,878565,245208.0
2020-08-26,24219359,885102,281691.0
2020-08-27,24506622,891317,287263.0
2020-08-28,24790561,897142,283939.0
2020-08-29,25051295,902930,260734.0
2020-08-30,25271033,907204,219738.0
2020-08-31,25535340,911637,264307.0
2020-09-01,25802224,918238,266884.0
2020-09-02,26084114,924555,281890.0
2020-09-03,26369544,930655,285430.0
2020-09-04,26671276,936495,301732.0
2020-09-05,26944997,941588,273721.0
2020-09-06,27173995,945723,228998.0
2020-09-07,27391278,955346,217283.0
2020-09-08,27637790,960469,246512.0
2020-09-09,27923100,966734,285310.0
2020-09-10,28227493,972736,304393.0
2020-09-11,28543855,978735,316362.0
2020-09-12,28832580,983793,288725.0
2020-09-13,29081415,987756,248835.0
2020-09-14,29348555,992363,267140.0
2020-09-15,29629107,998925,280552.0
2020-09-16,29934059,1004793,304952.0
2020-09-17,30249632,1010441,315573.0
2020-09-18,30576278,1016293,326646.0
2020-09-19,30869397,1021566,293119.0
2020-09-20,31124526,1025548,255129.0
2020-09-21,31384435,1029976,259909.0
2020-09-22,31668754,1036127,284319.0
2020-09-23,31980407,1042678,311653.0
2020-09-24,32301360,1048346,320953.0
2020-09-25,32631974,1054363,330614.0
2020-09-26,32918085,1059795,286111.0
2020-09-27,33165079,1063680,246994.0
2020-09-28,33426328,1067794,261249.0
2020-09-29,33709128,1073842,282800.0
2020-09-30,34033675,1080268,324547.0
2020-10-01,34352787,1089162,319112.0
2020-10-02,34682292,1094892,329505.0
2020-10-03,34979647,1099676,297355.0
2020-10-04,35240179,1103717,260532.0
2020-10-05,35551524,1110806,311345.0
2020-10-06,35867647,1116668,316123.0
2020-10-07,36216841,1122589,349194.0
2020-10-08,36576162,1128972,359321.0
2020-10-09,36936565,1135152,360403.0
2020-10-10,37292089,1140057,355524.0
2020-10-11,37581583,1144252,289494.0
2020-10-12,37871608,1148379,290025.0
2020-10-13,38190980,1153728,319372.0
2020-10-14,38571764,1159891,380784.0
2020-10-15,38978760,1166100,406996.0
2020-10-16,39389280,1172313,410520.0
2020-10-17,39761413,1178040,372133.0
2020-10-18,40092656,1181999,331243.0
2020-10-19,40467606,1186841,374950.0
2020-10-20,40856480,1193465,388874.0
2020-10-21,41296091,1200368,439611.0
2020-10-22,41778168,1206346,482077.0
2020-10-23,42272069,1213450,493901.0
2020-10-24,42728414,1219368,456345.0
2020-10-25,43087247,1223733,358833.0
2020-10-26,43570291,1229572,483044.0
2020-10-27,44038754,1236958,468463.0
2020-10-28,44560523,1244133,521769.0
2020-10-29,45111898,1251370,551375.0
2020-10-30,45683640,1259145,571742.0
2020-10-31,46155745,1265816,472105.0
2020-11-01,46594934,1271172,439189.0
2020-11-02,47143303,1277629,548369.0
2020-11-03,47708817,1287201,565514.0
2020-11-04,48200961,1297094,492144.0
2020-11-05,48820295,1305834,619334.0
2020-11-06,49443478,1314990,623183.0
2020-11-07,50042669,1322776,599191.0
2020-11-08,50533518,1329177,490849.0
2020-11-09,51043324,1336758,509806.0
2020-11-10,51614069,1346533,570745.0
2020-11-11,52238734,1356950,624665.0
2020-11-12,52878929,1366665,640195.0
2020-11-13,53539863,1376562,660934.0
2020-11-14,54126889,1385731,587026.0
2020-11-15,54617117,1392659,490228.0
2020-11-16,55142751,1400713,525634.0
2020-11-17,55745063,1411682,602312.0
2020-11-18,56367328,1423148,622265.0
2020-11-19,57021314,1434288,653986.0
2020-11-20,57695345,1446066,674031.0
2020-11-21,58287916,1455371,592571.0
2020-11-22,58785996,1463040,498080.0
2020-11-23,59320006,1471765,534010.0
2020-11-24,59910792,1484276,590786.0
2020-11-25,60527871,1496269,617079.0
2020-11-26,61117132,1507211,589261.0
2020-11-27,61812474,1518732,695342.0
2020-11-28,62420041,1528249,607567.0
2020-11-29,62915662,1535902,495621.0
2020-11-30,63422239,1544981,506577.0
2020-12-01,64037142,1557368,614903.0
2020-12-02,64677389,1569854,640247.0
2020-12-03,65367986,1582561,690597.0
2020-12-04,66064345,1594992,696359.0
2020-12-05,66706697,1605596,642352.0
2020-12-06,67250638,1613691,543941.0
2020-12-07,67785484,1622523,534846.0
2020-12-08,68416150,1634560,630666.0
2020-12-09,69081500,1647129,665350.0
2020-12-10,70576907,1659547,1495407.0
2020-12-11,71282658,1672729,705751.0
2020-12-12,71931348,1683558,648690.0
2020-12-13,72470142,1691787,538794.0
2020-12-14,73021298,1700981,551156.0
2020-12-15,73669919,1714204,648621.0
2020-12-16,74387461,1728111,717542.0
2020-12-17,75126063,1741277,738602.0
2020-12-18,75847501,1754342,721438.0
2020-12-19,76483006,1765600,635505.0
2020-12-20,77030307,1773979,547301.0
2020-12-21,77576529,1783464,546222.0
2020-12-22,78227986,1797308,651457.0
2020-12-23,78910081,1811049,682095.0
2020-12-24,79603472,1823258,693391.0
2020-12-25,80096696,1831882,493224.0
2020-12-26,80629340,1840235,532644.0
2020-12-27,81042534,1848389,413194.0
2020-12-28,81541719,1857935,499185.0
2020-12-29,82213594,1872872,671875.0
2020-12-30,82938894,1888314,725300.0
2020-12-31,83778622,1901777,839728.0
2021-01-01,84342314,1911418,563692.0
2021-01-02,84946690,1920880,604376.0
2021-01-03,85467020,1928820,520330.0
2021-01-04,86024461,1938770,557441.0
2021-01-05,86765351,1954189,740890.0
2021-01-06,87556264,1969110,790913.0
2021-01-07,88426222,1984073,869958.0
2021-01-08,89261637,1999363,835415.0
2021-01-09,90017904,2012679,756267.0
2021-01-10,90619443,2022236,601539.0
2021-01-11,91233917,2032515,614474.0
2021-01-12,91926453,2049477,692536.0
2021-01-13,92669726,2065943,743273.0
2021-01-14,93428784,2081663,759058.0
2021-01-15,94212637,2097380,783853.0
2021-01-16,94869509,2111413,656872.0
2021-01-17,95397119,2121283,527610.0
2021-01-18,95914366,2131731,517247.0
2021-01-19,96507148,2147411,592782.0
2021-01-20,97194354,2165160,687206.0
2021-01-21,97863110,2182453,668756.0
2021-01-22,98526596,2198512,663486.0
2021-01-23,99103312,2213077,576716.0
2021-01-24,99565294,2222839,461982.0
2021-01-25,100046846,2233981,481552.0
2021-01-26,100608158,2251396,561312.0
2021-01-27,101209122,2268312,600964.0
2021-01-28,101824237,2284838,615115.0
2021-01-29,102413219,2300601,588982.0
2021-01-30,102928083,2313886,514864.0
2021-01-31,103324692,2323435,396609.0
2021-02-01,103767694,2333683,443002.0
2021-02-02,104233148,2348540,465454.0
2021-02-03,104758397,2364399,525249.0
2021-02-04,105230171,2377326,471774.0
2021-02-05,105766676,2394507,536505.0
2021-02-06,106201874,2406362,435198.0
2021-02-07,106553422,2414130,351548.0
2021-02-08,106893339,2423690,339917.0
2021-02-09,107300629,2438420,407290.0
2021-02-10,107741093,2452277,440464.0
2021-02-11,108184860,2466147,443767.0
2021-02-12,108614449,2479026,429589.0
2021-02-13,108994937,2489712,380488.0
2021-02-14,109303582,2496818,308645.0
2021-02-15,109584404,2504635,280822.0
2021-02-16,109944197,2515738,359793.0
2021-02-17,110330576,2527093,386379.0
2021-02-18,110741376,2539082,410800.0
2021-02-19,111151038,2550740,409662.0
2021-02-20,111526248,2559836,375210.0
2021-02-21,111845811,2566627,319563.0
2021-02-22,112141380,2573874,295569.0
2021-02-23,112534122,2585355,392742.0
2021-02-24,112979052,2597797,444930.0
2021-02-25,113432016,2608800,452964.0
2021-02-26,113873956,2619349,441940.0
2021-02-27,114270693,2628079,396737.0
2021-02-28,114578478,2634579,307785.0
2021-03-01,114883979,2642087,305501.0
2021-03-02,115197242,2652344,313263.0
2021-03-03,115639088,2663901,441846.0
2021-03-04,116097496,2674306,458408.0
2021-03-05,116546593,2684847,449097.0
2021-03-06,116960620,2693104,414027.0
2021-03-07,117335064,2699185,374444.0
2021-03-08,117640533,2706378,305469.0
2021-03-09,118054577,2716871,414044.0
2021-03-10,118513444,2727028,458867.0
2021-03-11,119003124,2737241,489680.0
2021-03-12,119492372,2747105,489248.0
2021-03-13,119947968,2755757,455596.0
2021-03-14,120313043,2761748,365075.0
2021-03-15,120667127,2769255,354084.0
2021-03-16,121134161,2779868,467034.0
2021-03-17,121679877,2790458,545716.0
2021-03-18,122227806,2801179,547929.0
2021-03-19,122790345,2811995,562539.0
2021-03-20,123288792,2820738,498447.0
2021-03-21,123729261,2829290,440469.0
2021-03-22,124150452,2837256,421191.0
2021-03-23,124656291,2848741,505839.0
2021-03-24,125285990,2859349,629699.0
2021-03-25,125938183,2870902,652193.0
2021-03-26,126578225,2883671,640042.0
2021-03-27,127162758,2893881,584533.0
2021-03-28,127655412,2901166,492654.0
2021-03-29,128114688,2909829,459276.0
2021-03-30,128676894,2921730,562206.0
2021-03-31,129350790,2934661,673896.0
2021-04-01,130060609,2946963,709819.0
2021-04-02,130705394,2957615,644785.0
2021-04-03,131245744,2966954,540350.0
2021-04-04,131805666,2974382,559922.0
2021-04-05,132302655,2982636,496989.0
2021-04-06,132910149,2995089,607494.0
2021-04-07,133573288,3010448,663139.0
2021-04-08,134409344,3024749,836056.0
2021-04-09,135156662,3039094,747318.0
2021-04-10,135827306,3052100,670644.0
2021-04-11,136536918,3061223,709612.0
2021-04-12,137150764,3071131,613846.0
2021-04-13,137914588,3084925,763824.0
2021-04-14,138725902,3099015,811314.0
2021-04-15,139547133,3112671,821231.0
2021-04-16,140406983,3126051,859850.0
2021-04-17,141200970,3138668,793987.0
2021-04-18,141901080,3147807,700110.0
2021-04-19,142592012,3158941,690932.0
2021-04-20,143431609,3173235,839597.0
2021-04-21,144320851,3187988,889242.0
2021-04-22,145220252,3201909,899401.0
2021-04-23,146127911,3217170,907659.0
2021-04-24,146952141,3230302,824230.0
2021-04-25,147680627,3241075,728486.0
2021-04-26,148369677,3252705,689050.0
2021-04-27,149208799,3267706,839122.0
2021-04-28,150107590,3283651,898791.0
2021-04-29,151001625,3299390,894035.0
2021-04-30,151892994,3313809,891369.0
2021-05-01,152687904,3326848,794910.0
2021-05-02,153375175,3337179,687271.0
2021-05-03,154065632,3348864,690457.0
2021-05-04,154850588,3362923,784956.0
2021-05-05,155692589,3377827,842001.0
2021-05-06,156565435,3392403,872846.0
2021-05-07,157400261,3406868,834826.0
2021-05-08,158188559,3420197,788298.0
2021-05-09,158837968,3430671,649409.0
2021-05-10,159463612,3441763,625644.0
2021-05-11,160189411,3455934,725799.0
2021-05-12,160956898,3470075,767487.0
2021-05-13,161691597,3483510,734699.0
2021-05-14,162401162,3496538,709565.0
2021-05-15,163032774,3508823,631612.0
2021-05-16,163579396,3519124,546622.0
2021-05-17,164122938,3530454,543542.0
2021-05-18,164742576,3544530,619638.0
2021-05-19,165414621,3557987,672045.0
2021-05-20,165696927,3571167,282306.0
2021-05-21,166323402,3584143,626475.0
2021-05-22,166895763,3595588,572361.0
2021-05-23,167377386,3605452,481623.0
2021-05-24,167828464,3614598,451078.0
2021-05-25,168361871,3627580,533407.0
2021-05-26,168930299,3640387,568428.0
2021-05-27,169477196,3653327,546897.0
2021-05-28,169982707,3665348,505511.0
2021-05-29,170463127,3676155,480420.0
2021-05-30,170853074,3684555,389947.0
2021-05-31,171240130,3693252,387056.0
2021-06-01,171700134,3708466,460004.0
2021-06-02,172187762,3720392,487628.0
2021-06-03,172668261,3730550,480499.0
2021-06-04,173093152,3741209,424891.0
2021-06-05,173489803,3750622,396651.0
2021-06-06,173812784,3757928,322981.0
2021-06-07,174134551,3766003,321767.0
2021-06-08,174504668,3776657,370117.0
2021-06-09,174922960,3786840,418292.0
2021-06-10,175376464,3802820,453504.0
2021-06-11,175798501,3814560,422037.0
2021-06-12,176166881,3824370,368380.0
2021-06-13,176469682,3833641,302801.0
2021-06-14,176778984,3841632,309302.0
2021-06-15,177153741,3852383,374757.0
2021-06-16,177542916,3862466,389175.0
2021-06-17,177938911,3871765,395995.0
2021-06-18,178342418,3880958,403507.0
2021-06-19,178689716,3889039,347298.0
2021-06-20,178994480,3895907,304764.0
2021-06-21,179291135,3902891,296655.0
2021-06-22,179701349,3911876,410214.0
2021-06-23,180097972,3921222,396623.0
2021-06-24,180507231,3929883,409259.0
2021-06-25,180924899,3939117,417668.0
2021-06-26,181287796,3946659,362897.0
2021-06-27,181599032,3952754,311236.0
2021-06-28,181932050,3959315,333018.0
2021-06-29,182313258,3967474,381208.0
2021-06-30,182712726,3976679,399468.0
2021-07-01,183148268,3985220,435542.0
2021-07-02,183590610,3993596,442342.0
2021-07-03,183964437,4000499,373827.0
2021-07-04,184292181,4007139,327744.0
2021-07-05,184670098,4014530,377917.0
2021-07-06,185120629,4023012,450531.0
2021-07-07,185585871,4031566,465242.0
2021-07-08,186067750,4040486,481879.0
2021-07-09,186580986,4048903,513236.0
2021-07-10,187002099,4055467,421113.0
2021-07-11,187371991,4063098,369892.0
2021-07-12,187806155,4071240,434164.0
2021-07-13,188331814,4079621,525659.0
2021-07-14,188869796,4088212,537982.0
2021-07-15,189446223,4096847,576427.0
2021-07-16,190042161,4105608,595938.0
2021-07-17,190531011,4113118,488850.0
2021-07-18,190951220,4119721,420209.0
2021-07-19,191440687,4126947,489467.0
2021-07-20,191973106,4147646,532419.0
2021-07-21,192529214,4156313,556108.0
2021-07-22,193094403,4165094,565189.0
2021-07-23,193822543,4173425,728140.0
2021-07-24,194254462,4182089,431919.0
2021-07-25,194700076,4189471,445614.0
2021-07-26,195240703,4197977,540627.0
2021-07-27,195847033,4207766,606330.0
2021-07-28,196497116,4217888,650083.0
2021-07-29,197139985,4228154,642869.0
2021-07-30,197872339,4237757,732354.0
2021-07-31,198389684,4246601,517345.0
2021-08-01,198872752,4254020,483068.0
2021-08-02,199443855,4262171,571103.0
2021-08-03,200078130,4272524,634275.0
2021-08-04,200758588,4283016,680458.0
2021-08-05,201444210,4294008,685622.0
2021-08-06,202263736,4304479,819526.0
2021-08-07,202825005,4313156,561269.0
2021-08-08,203292722,4320653,467717.0
2021-08-09,203911805,4329483,619083.0
2021-08-10,204557617,4341001,645812.0
2021-08-11,205288310,4351528,730693.0
2021-08-12,205994052,4362040,705742.0
2021-08-13,206795847,4372514,801795.0
2021-08-14,207348758,4381256,552911.0
2021-08-15,207815449,4388700,466691.0
2021-08-16,208479793,4398564,664344.0
2021-08-17,209162480,4409274,682687.0
2021-08-18,209898123,4420094,735643.0
2021-08-19,210609857,4431541,711734.0
2021-08-20,211395070,4442035,785213.0
2021-08-21,211954124,4450955,559054.0
2021-08-22,212402204,4458738,448080.0
2021-08-23,213086398,4468791,684194.0
2021-08-24,213763171,4479815,676773.0
2021-08-25,214500582,4491128,737411.0
2021-08-26,215237031,4502719,736449.0
2021-08-27,215988154,4513136,751123.0
2021-08-28,216545334,4521572,557180.0
2021-08-29,216992164,4528394,446830.0
2021-08-30,217664015,4537965,671851.0
2021-08-31,218284677,4547280,620662.0
2021-09-01,219003757,4559705,719080.0
2021-09-02,219680532,4570959,676775.0
2021-09-03,220404105,4581684,723573.0
2021-09-04,220900816,4589458,496711.0
2021-09-05,221347788,4596034,446972.0
2021-09-06,221825561,4604204,477773.0
2021-09-07,222482051,4614669,656490.0
2021-09-08,223119762,4624746,637711.0
2021-09-09,223759907,4635493,640145.0
2021-09-10,224418618,4644672,658711.0
2021-09-11,224887140,4653045,468522.0
2021-09-12,225258543,4658713,371403.0
2021-09-13,225836445,4667871,577902.0
2021-09-14,226386274,4677775,549829.0
2021-09-15,226953125,4688201,566851.0
2021-09-16,227540479,4698716,587354.0
2021-09-17,228163698,4707779,623219.0
2021-09-18,228687569,4714262,523871.0
2021-09-19,229050966,4720360,363397.0
2021-09-20,229581157,4728733,530191.0
2021-09-21,230069837,4738088,488680.0
2021-09-22,230604815,4747809,534978.0
2021-09-23,231152445,4757656,547630.0
2021-09-24,231701691,4766356,549246.0
2021-09-25,232075693,4771829,374002.0
2021-09-26,232431512,4777361,355819.0
2021-09-27,232914281,4785135,482769.0
2021-09-28,233365258,4794511,450977.0
2021-09-29,233856235,4803804,490977.0
2021-09-30,234346132,4812680,489897.0
2021-10-01,234868134,4821315,522002.0
2021-10-02,235218776,4827259,350642.0
2021-10-03,235527819,4831615,309043.0
2021-10-04,235974883,4838855,447064.0
2021-10-05,236397732,4846217,422849.0
2021-10-06,236904785,4855353,507053.0
2021-10-07,237366619,4864310,461834.0
2021-10-08,237842039,4871872,475420.0
2021-10-09,238182243,4876698,340204.0
2021-10-10,238498696,4881452,316453.0
2021-10-11,238886684,4887418,387988.0
2021-10-12,239324892,4895389,438208.0
2021-10-13,239781314,4904291,456422.0
2021-10-14,240234710,4912300,453396.0
2021-10-15,240692696,4919505,457986.0
2021-10-16,241034054,4924851,341358.0
2021-10-17,241347355,4929210,313301.0
2021-10-18,241775141,4935809,427786.0
2021-10-19,242206709,4943758,431568.0
2021-10-20,242683018,4952429,476309.0
2021-10-21,243145068,4960196,462050.0
2021-10-22,243637892,4968369,492824.0
2021-10-23,244008150,4974256,370258.0
2021-10-24,244317353,4978899,309203.0
2021-10-25,244769753,4985790,452400.0
2021-10-26,245196224,4993535,426471.0
2021-10-27,245710221,5002670,513997.0
2021-10-28,246193247,5011607,483026.0
2021-10-29,246687330,5019428,494083.0
2021-10-30,247061943,5025432,374613.0
2021-10-31,247410790,5030069,348847.0
2021-11-01,247868435,5036555,457645.0
2021-11-02,248272884,5043629,404449.0
2021-11-03,248797676,5052089,524792.0
2021-11-04,249315133,5059658,517457.0
2021-11-05,249839415,5068238,524282.0
2021-11-06,250245164,5074885,405749.0
2021-11-07,250585863,5079504,340699.0
2021-11-08,251110911,5086314,525048.0
2021-11-09,251580325,5094315,469414.0
2021-11-10,252153854,5102578,573529.0
2021-11-11,252674737,5110254,520883.0
2021-11-12,253274490,5119251,599753.0
2021-11-13,253670214,5125542,395724.0
2021-11-14,254018493,5130270,348279.0
2021-11-15,254620079,5137386,601586.0
2021-11-16,255126904,5144998,506825.0
2021-11-17,255742113,5154150,615209.0
2021-11-18,256363770,5162439,621657.0
2021-11-19,256978407,5170412,614637.0
2021-11-20,257416423,5176440,438016.0
2021-11-21,257796215,5181079,379792.0
2021-11-22,258500870,5188530,704655.0
2021-11-23,259093463,5196540,592593.0
2021-11-24,259751368,5205110,657905.0
2021-11-25,260348589,5212967,597221.0
2021-11-26,260962280,5219862,613691.0
2021-11-27,261381085,5225727,418805.0
2021-11-28,261770875,5230630,389790.0
2021-11-29,262513214,5238554,742339.0
2021-11-30,263113681,5246577,600467.0
2021-12-01,263816145,5255817,702464.0
2021-12-02,264523382,5265978,707237.0
2021-12-03,265254220,5274569,730838.0
2021-12-04,265726430,5280087,472210.0
2021-12-05,266146231,5287507,419801.0
2021-12-06,266849953,5294966,703722.0
2021-12-07,267489200,5302689,639247.0
2021-12-08,268200544,5310986,711344.0
2021-12-09,268898928,5319552,698384.0
2021-12-10,269592462,5327568,693534.0
2021-12-11,270059366,5333403,466904.0
2021-12-12,270485916,5337997,426550.0
2021-12-13,271179799,5344930,693883.0
2021-12-14,271816596,5352663,636797.0
2021-12-15,272556770,5361688,740174.0
2021-12-16,273300997,5369034,744227.0
2021-12-17,274068563,5376334,767566.0
2021-12-18,274598505,5382005,529942.0
2021-12-19,275083461,5386352,484956.0
2021-12-20,275893527,5393631,810066.0
2021-12-21,276652188,5401189,758661.0
2021-12-22,277566671,5411559,914483.0
2021-12-23,278578699,5418816,1012028.0
2021-12-24,279434799,5424511,856100.0
2021-12-25,280116791,5428824,681992.0
2021-12-26,280692270,5432656,575479.0
2021-12-27,282033889,5439626,1341619.0
2021-12-28,283370260,5447300,1336371.0
2021-12-29,285075127,5455241,1704867.0
2021-12-30,287025253,5462660,1950126.0
2021-12-31,288728291,5469019,1703038.0
2022-01-01,289931428,5473282,1203137.0
2022-01-02,290849939,5476678,918511.0
2022-01-03,293188320,5482492,2338381.0
2022-01-04,295801747,5491173,2613427.0
2022-01-05,298385756,5498943,2584009.0
2022-01-06,301054978,5506555,2669222.0
2022-01-07,304008616,5513806,2953638.0
2022-01-08,306145200,5519014,2136584.0
2022-01-09,308150282,5523075,2005082.0
2022-01-10,311401997,5529985,3251715.0
2022-01-11,314432404,5539088,3030407.0
2022-01-12,317879058,5548116,3446654.0
2022-01-13,321066163,5556348,3187105.0
2022-01-14,324382616,5564318,3316453.0
2022-01-15,326810379,5570448,2427763.0
2022-01-16,328981578,5574962,2171199.0
2022-01-17,331759391,5581472,2777813.0
2022-01-18,335523995,5590572,3764604.0
2022-01-19,339607276,5600509,4083281.0
2022-01-20,343341570,5610150,3734294.0
2022-01-21,347151687,5620108,3810117.0
2022-01-22,349801473,5626133,2649786.0
2022-01-23,352184811,5631303,2383338.0
2022-01-24,355817671,5640214,3632860.0
2022-01-25,359471485,5650697,3653814.0
2022-01-26,363233158,5661409,3761673.0
2022-01-27,366932890,5671713,3699732.0
2022-01-28,370611819,5684057,3678929.0
2022-01-29,373175361,5691951,2563542.0
2022-01-30,375352380,5697504,2177019.0
2022-01-31,379211855,5707928,3859475.0
2022-02-01,382341587,5720605,3129732.0
2022-02-02,385526232,5732521,3184645.0
2022-02-03,388720309,5744164,3194077.0
2022-02-04,391675874,5757335,2955565.0
2022-02-05,393779507,5765553,2103633.0
2022-02-06,395542316,5771531,1762809.0
2022-02-07,398516432,5782632,2974116.0
2022-02-08,401116122,5795427,2599690.0
2022-02-09,403549117,5808554,2432995.0
2022-02-10,406363391,5820436,2814274.0
2022-02-11,408788228,5832423,2424837.0
2022-02-12,410513339,5841073,1725111.0
2022-02-13,411919279,5846347,1405940.0
2022-02-14,413962163,5857576,2042884.0
2022-02-15,415832953,5868222,1870790.0
2022-02-16,418072759,5881335,2239806.0
2022-02-17,420135672,5893543,2062913.0
2022-02-18,422119106,5904181,1983434.0
2022-02-19,423596187,5912539,1477081.0
2022-02-20,424789720,5917919,1193533.0
2022-02-21,426495378,5925467,1705658.0
2022-02-22,428169102,5935518,1673724.0
2022-02-23,430086590,5947505,1917488.0
2022-02-24,431874501,5958316,1787911.0
2022-02-25,433528807,5967385,1654306.0
2022-02-26,434802795,5973927,1273988.0
2022-02-27,435854949,5978627,1052154.0
2022-02-28,437463827,5986294,1608878.0
2022-03-01,439062564,5994765,1598737.0
2022-03-02,440722439,6002946,1659875.0
2022-03-03,442497646,6011120,1775207.0
2022-03-04,444260070,6019817,1762424.0
2022-03-05,445550401,6025459,1290331.0
2022-03-06,446660147,6029686,1109746.0
2022-03-07,448401620,6037552,1741473.0
2022-03-08,449985919,6044438,1584299.0
2022-03-09,451976099,6052634,1990180.0
2022-03-10,453847080,6060159,1870981.0
2022-03-11,455719680,6066369,1872600.0
2022-03-12,457280387,6071102,1560707.0
2022-03-13,458418032,6074656,1137645.0
2022-03-14,460415942,6080255,1997910.0
2022-03-15,462225344,6085871,1809402.0
2022-03-16,464464205,6092759,2238861.0
2022-03-17,466542109,6099841,2077904.0
2022-03-18,468433636,6105602,1891527.0
2022-03-19,469913015,6109457,1479379.0
2022-03-20,470873843,6112784,960828.0
2022-03-21,472753728,6128916,1879885.0
2022-03-22,474730951,6133991,1977223.0
2022-03-23,476534854,6139975,1803903.0
2022-03-24,478319055,6145245,1784201.0
2022-03-25,480078626,6154420,1759571.0
2022-03-26,481203035,6157240,1124409.0
2022-03-27,482053796,6159875,850761.0
2022-03-28,483898093,6164157,1844297.0
2022-03-29,485649915,6168605,1751822.0
2022-03-30,487247590,6173509,1597675.0
2022-03-31,488810861,6178001,1563271.0
2022-04-01,490229883,6182878,1419022.0
2022-04-02,491102544,6185451,872661.0
2022-04-03,491795689,6187345,693145.0
2022-04-04,493029039,6190722,1233350.0
2022-04-05,494394436,6194890,1365397.0
2022-04-06,495614407,6199209,1219971.0
2022-04-07,496892754,6203530,1278347.0
2022-04-08,498067151,6207458,1174397.0
2022-04-09,498809406,6209802,742255.0
2022-04-10,499371019,6211574,561613.0
2022-04-11,500357346,6214427,986327.0
2022-04-12,501476932,6217706,1119586.0
2022-04-13,502551958,6221772,1075026.0
2022-04-14,503514561,6225333,962603.0
2022-04-15,504173546,6227807,658985.0
2022-04-16,504728004,6229417,554458.0
2022-04-17,505135766,6230953,407762.0
2022-04-18,505593027,6232516,457261.0
2022-04-19,506611148,6235533,1018121.0
2022-04-20,507572864,6239694,961716.0
2022-04-21,508494564,6242784,921700.0
2022-04-22,509326073,6245549,831509.0
2022-04-23,509804848,6247151,478775.0
2022-04-24,510170201,6248317,365353.0
2022-04-25,510807207,6250454,637006.0
2022-04-26,511586152,6254734,778945.0
2022-04-27,512270545,6257861,684393.0
2022-04-28,513029820,6260860,759275.0
2022-04-29,513674263,6263399,644443.0
2022-04-30,514028003,6264863,353740.0
2022-05-01,514337424,6266066,309421.0
2022-05-02,514784854,6267807,447430.0
2022-05-03,515456909,6270002,672055.0
2022-05-04,516084404,6273723,627495.0
2022-05-05,516684038,6275963,599634.0
2022-05-06,517314925,6278096,630887.0
2022-05-07,517654258,6279250,339333.0
2022-05-08,517933111,6280091,278853.0
2022-05-09,518623538,6281977,690427.0
2022-05-10,519264799,6283976,641261.0
2022-05-11,519959508,6286202,694709.0
2022-05-12,520612153,6288197,652645.0
2022-05-13,521185114,6290079,572961.0
2022-05-14,521623840,6291043,438726.0
2022-05-15,521997492,6291822,373652.0
2022-05-16,522587922,6293400,590430.0
2022-05-17,523196288,6295253,608366.0
2022-05-18,523956899,6297614,760611.0
2022-05-19,524552967,6299347,596068.0
2022-05-20,525179079,6301345,626112.0
2022-05-21,525546242,6302438,367163.0
2022-05-22,525862056,6303048,315814.0
2022-05-23,526355204,6304610,493148.0
2022-05-24,526949796,6306262,594592.0
2022-05-25,527593755,6308875,643959.0
2022-05-26,528096493,6310309,502738.0
2022-05-27,528666149,6312283,569656.0
2022-05-28,528995178,6313120,329029.0
2022-05-29,529271873,6313739,276695.0
2022-05-30,529616224,6314848,344351.0
2022-05-31,530241569,6316371,625345.0
2022-06-01,530939976,6318382,698407.0
2022-06-02,531470716,6320070,530740.0
2022-06-03,532014270,6321601,543554.0
2022-06-04,532267351,6322293,253081.0
2022-06-05,532530338,6323106,262987.0
2022-06-06,532965247,6324071,434909.0
2022-06-07,533576907,6326085,611660.0
2022-06-08,534283486,6328655,706579.0
2022-06-09,534848531,6330211,565045.0
2022-06-10,535405294,6331910,556763.0
2022-06-11,535689085,6332832,283791.0
2022-06-12,535887333,6333409,198248.0
2022-06-13,536415150,6335097,527817.0
2022-06-14,537272203,6336934,857053.0
2022-06-15,537994296,6338929,722093.0
2022-06-16,538577138,6340792,582842.0
2022-06-17,539110151,6342051,533013.0
2022-06-18,539338742,6342696,228591.0
2022-06-19,539607241,6343376,268499.0
2022-06-20,540362445,6344898,755204.0
2022-06-21,541178509,6346630,816064.0
2022-06-22,541984328,6348658,805819.0
2022-06-23,542767959,6350472,783631.0
2022-06-24,543545293,6352244,777334.0
2022-06-25,543862216,6353044,316923.0
2022-06-26,544148980,6353707,286764.0
2022-06-27,545021364,6355178,872384.0
2022-06-28,545963319,6357110,941955.0
2022-06-29,546896134,6358937,932815.0
2022-06-30,547974317,6360329,1078183.0
2022-07-01,548925491,6362195,951174.0
2022-07-02,549284928,6363030,359437.0
2022-07-03,549643412,6363765,358484.0
2022-07-04,550495502,6364917,852090.0
2022-07-05,551700794,6367127,1205292.0
2022-07-06,552926114,6369463,1225320.0
2022-07-07,553979237,6372169,1053123.0
2022-07-08,554985885,6374458,1006648.0
2022-07-09,555489725,6375501,503840.0
2022-07-10,555912593,6376347,422868.0
2022-07-11,556965871,6378130,1053278.0
2022-07-12,558188894,6380590,1223023.0
2022-07-13,559615969,6383201,1427075.0
2022-07-14,560618337,6385278,1002368.0
2022-07-15,561620875,6387586,1002538.0
2022-07-16,562173878,6388670,553003.0
2022-07-17,562633320,6389656,459442.0
2022-07-18,563831363,6391734,1198043.0
2022-07-19,565376142,6394813,1544779.0
2022-07-20,566978238,6397714,1602096.0
2022-07-21,568132310,6400258,1154072.0
2022-07-22,569227609,6403118,1095299.0
2022-07-23,569864429,6404405,636820.0
2022-07-24,570415520,6405438,551091.0
2022-07-25,571389219,6407386,973699.0
2022-07-26,572585879,6410303,1196660.0
2022-07-27,574012504,6413653,1426625.0
2022-07-28,575128637,6416416,1116133.0
2022-07-29,576504042,6419438,1375405.0
2022-07-30,577080293,6420533,576251.0
2022-07-31,577625050,6421448,544757.0
2022-08-01,578498268,6423883,873218.0
2022-08-02,579688847,6426763,1190579.0
2022-08-03,580844327,6429907,1155480.0
2022-08-04,582298507,6433081,1454180.0
2022-08-05,583199840,6436031,901333.0
2022-08-06,584378161,6437762,1178321.0
2022-08-07,584876085,6438704,497924.0
2022-08-08,585692322,6441006,816237.0
2022-08-09,586732558,6444566,1040236.0
2022-08-10,587759595,6447272,1027037.0
2022-08-11,588765069,6450479,1005474.0
2022-08-12,589518048,6453293,752979.0
2022-08-13,590154612,6454777,636564.0
2022-08-14,590615366,6455771,460754.0
2022-08-15,591470649,6458166,855283.0
2022-08-16,592553956,6461602,1083307.0
2022-08-17,593544473,6464838,990517.0
2022-08-18,594489234,6467820,944761.0
2022-08-19,595290702,6470533,801468.0
2022-08-20,595865130,6471724,574428.0
2022-08-21,596349664,6473445,484534.0
2022-08-22,597060819,6474866,711155.0
2022-08-23,597949972,6477794,889153.0
2022-08-24,598834543,6480950,884571.0
2022-08-25,599699548,6483907,865005.0
2022-08-26,600401903,6486436,702355.0
2022-08-27,600854582,6487647,452679.0
2022-08-28,601260827,6488670,406245.0
2022-08-29,601837965,6490683,577138.0
2022-08-30,602585861,6493182,747896.0
2022-08-31,603339040,6496550,753179.0
2022-09-01,604018804,6499102,679764.0
2022-09-02,604676287,6501819,657483.0
2022-09-03,605052969,6502896,376682.0
2022-09-04,605423358,6504007,370389.0
2022-09-05,605881148,6505453,457790.0
2022-09-06,606554997,6507768,673849.0
2022-09-07,607171546,6509944,616549.0
2022-09-08,607755506,6512183,583960.0
2022-09-09,608281134,6514478,525628.0
2022-09-10,608594366,6515421,313232.0
2022-09-11,608908659,6516207,314293.0
2022-09-12,609393741,6517720,485082.0
2022-09-13,609942218,6519702,548477.0
2022-09-14,610640243,6522032,698025.0
2022-09-15,611251541,6524602,611298.0
2022-09-16,611707437,6526611,455896.0
2022-09-17,612002534,6527461,295097.0
2022-09-18,612257111,6528049,254577.0
2022-09-19,612673963,6529431,416852.0
2022-09-20,613227572,6531261,553609.0
2022-09-21,613745750,6533318,518178.0
2022-09-22,614365390,6535513,619640.0
2022-09-23,614883451,6537341,518061.0
2022-09-24,615148616,6538177,265165.0
2022-09-25,615371539,6538685,222923.0
2022-09-26,615794219,6540058,422680.0
2022-09-27,616393758,6541661,599539.0
2022-09-28,616943716,6544003,549958.0
2022-09-29,617587849,6546289,644133.0
2022-09-30,618060372,6547762,472523.0
2022-10-01,618301429,6548432,241057.0
2022-10-02,618502138,6548998,200709.0
2022-10-03,618822004,6550361,319866.0
2022-10-04,619422193,6551963,600189.0
2022-10-05,620005197,6554150,583004.0
2022-10-06,620645800,6556162,640603.0
2022-10-07,621221027,6557961,575227.0
2022-10-08,621440044,6558674,219017.0
2022-10-09,621658996,6559308,218952.0
2022-10-10,622112629,6560625,453633.0
2022-10-11,622802836,6562536,690207.0
2022-10-12,623353219,6564438,550383.0
2022-10-13,624016113,6566543,662894.0
2022-10-14,624494008,6568259,477895.0
2022-10-15,624712097,6569036,218089.0
2022-10-16,624904267,6569584,192170.0
2022-10-17,625380762,6571344,476495.0
2022-10-18,626009472,6573191,628710.0
2022-10-19,626536431,6575434,526959.0
2022-10-20,627131819,6577637,595388.0
2022-10-21,627563033,6579639,431214.0
2022-10-22,627745374,6580259,182341.0
2022-10-23,627906174,6580853,160800.0
2022-10-24,628292158,6582173,385984.0
2022-10-25,628887107,6584353,594949.0
2022-10-26,629354131,6586858,467024.0
2022-10-27,629825004,6588984,470873.0
2022-10-28,630188852,6590467,363848.0
2022-10-29,630387961,6591138,199109.0
2022-10-30,630555274,6591741,167313.0
2022-10-31,630855587,6592962,300313.0
2022-11-01,631257223,6595764,401636.0
2022-11-02,631605553,6597350,348330.0
2022-11-03,632099160,6599695,493607.0
2022-11-04,632543650,6601673,444490.0
2022-11-05,632744972,6602286,201322.0
2022-11-06,632931615,6602830,186643.0
2022-11-07,633236212,6603974,304597.0
2022-11-08,633687028,6605250,450816.0
2022-11-09,634121053,6607365,434025.0
2022-11-10,634581453,6609457,460400.0
2022-11-11,635069827,6611165,488374.0
2022-11-12,635312334,6611612,242507.0
2022-11-13,635495843,6612117,183509.0
2022-11-14,635842682,6613462,346839.0
2022-11-15,636346431,6614527,503749.0
2022-11-16,636832747,6616833,486316.0
2022-11-17,637312096,6618875,479349.0
2022-11-18,637942820,6621234,630724.0
2022-11-19,638190175,6621728,247355.0
2022-11-20,638412606,6622317,222431.0
2022-11-21,638754188,6623443,341582.0
2022-11-22,639328415,6625184,574227.0
2022-11-23,639919189,6627291,590774.0
2022-11-24,640339580,6628690,420391.0
2022-11-25,641037771,6630892,698191.0
2022-11-26,641308397,6631404,270626.0
2022-11-27,641571858,6631994,263461.0
2022-11-28,641977647,6633172,405789.0
2022-11-29,642708342,6634772,730695.0
2022-11-30,643244123,6636401,535781.0
2022-12-01,643950364,6638794,706241.0
2022-12-02,644711955,6641139,761591.0
2022-12-03,645011864,6641748,299909.0
2022-12-04,645269011,6642384,257147.0
2022-12-05,645774500,6643774,505489.0
2022-12-06,646399010,6645516,624510.0
2022-12-07,647032502,6647694,633492.0
2022-12-08,647841604,6650703,809102.0
2022-12-09,648512056,6652882,670452.0
2022-12-10,648786733,6653491,274677.0
2022-12-11,649085967,6654152,299234.0
2022-12-12,649658720,6655818,572753.0
2022-12-13,650436793,6657780,778073.0
2022-12-14,651122541,6660233,685748.0
2022-12-15,651873247,6663038,750706.0
2022-12-16,652605304,6665736,732057.0
2022-12-17,652905777,6666547,300473.0
2022-12-18,653189501,6667338,283724.0
2022-12-19,653775912,6669159,586411.0
2022-12-20,654484792,6671373,708880.0
2022-12-21,655205564,6673938,720772.0
2022-12-22,655963530,6676603,757966.0
2022-12-23,656604975,6679286,641445.0
2022-12-24,656949354,6680275,344379.0
2022-12-25,657135648,6681140,186294.0
2022-12-26,657655053,6682247,519405.0
2022-12-27,658309208,6684351,654155.0
2022-12-28,658946340,6687147,637132.0
2022-12-29,659617625,6690067,671285.0
2022-12-30,660199728,6692483,582103.0
2022-12-31,660463792,6693376,264064.0
2023-01-01,660778387,6694422,314595.0
2023-01-02,661198108,6695785,419721.0
2023-01-03,661660893,6698027,462785.0
2023-01-04,662231345,6700950,570452.0
2023-01-05,662966595,6704613,735250.0
2023-01-06,663685449,6707751,718854.0
2023-01-07,664042494,6708702,357045.0
2023-01-08,664369944,6709761,327450.0
2023-01-09,664718936,6711921,348992.0
2023-01-10,665113877,6714281,394941.0
2023-01-11,665620426,6717557,506549.0
2023-01-12,666097539,6720999,477113.0
2023-01-13,666533383,6723980,435844.0
2023-01-14,666754735,6724994,221352.0
2023-01-15,666951599,6785897,196864.0
2023-01-16,667166217,6787220,214618.0
2023-01-17,667518310,6789239,352093.0
2023-01-18,667896028,6792400,377718.0
2023-01-19,668220526,6796012,324498.0
2023-01-20,668562246,6799459,341720.0
2023-01-21,668715650,6812953,153404.0
2023-01-22,668830077,6813633,114427.0
2023-01-23,669001131,6815188,171054.0
2023-01-24,669272951,6817236,271820.0
2023-01-25,669567171,6819539,294220.0
2023-01-26,669848920,6822660,281749.0
2023-01-27,670086844,6824464,237924.0
2023-01-28,670220207,6831519,133363.0
2023-01-29,670344054,6832256,123847.0
2023-01-30,670503932,6833468,159878.0
2023-01-31,670734589,6835338,230657.0
2023-02-01,671032404,6838027,297815.0
2023-02-02,671291489,6840771,259085.0
2023-02-03,671529548,6843097,238059.0
2023-02-04,671632287,6847046,102739.0
2023-02-05,671721476,6847646,89189.0
2023-02-06,671867463,6848667,145987.0
2023-02-07,672065240,6849942,197777.0
2023-02-08,672295338,6851942,230098.0
2023-02-09,672554241,6854280,258903.0
2023-02-10,672696324,6855413,142083.0
2023-02-11,672828531,6856046,132207.0
2023-02-12,672906177,6856419,77646.0
2023-02-13,673044131,6857217,137954.0
2023-02-14,673237731,6858411,193600.0
2023-02-15,673477639,6859933,239908.0
2023-02-16,673685532,6862019,207893.0
2023-02-17,673878833,6863873,193301.0
2023-02-18,673969796,6864248,90963.0
2023-02-19,674056229,6864711,86433.0
2023-02-20,674143589,6865287,87360.0
2023-02-21,674323721,6866088,180132.0
2023-02-22,674569824,6867909,246103.0
2023-02-23,674790916,6869817,221092.0
2023-02-24,674933342,6870806,142426.0
2023-02-25,674978793,6871024,45451.0
2023-02-26,675044414,6871268,65621.0
2023-02-27,675171439,6871808,127025.0
2023-02-28,675322238,6872682,150799.0
2023-03-01,675542852,6874463,220614.0
2023-03-02,675731911,6876031,189059.0
2023-03-03,675914580,6877325,182669.0
2023-03-04,675968775,6877601,54195.0
2023-03-05,676024901,6877749,56126.0
2023-03-06,676082941,6878115,58040.0
2023-03-07,676213378,6879038,130437.0
2023-03-08,676392824,6880483,179446.0
2023-03-09,676570149,6881802,177325.0
